id,title_id,real_name,character_name,role
0,0,Marley Barton,Fritz,Actress
1,0,Dustin Yundt,Oswald,Screenwriter
2,0,Loren Pollich,Felix,Production Designer
3,0,Simone Hintz,Jovany,Actor
4,1,Ari Hilpert,Leo,Production Designer
5,2,Lew Jacobs,Greta,Producer
6,2,Patrick Schimmel,Eda,Actor
7,3,Harrison Bahringer,Sabryna,Music Composer
8,4,Jarrett Howell,Remington,Actress
9,5,Karine Zulauf,Tressie,Music Composer
10,5,Guiseppe Kub,Guiseppe,Screenwriter
11,5,Shawn Ratke,Margarett,Film Editor
12,6,Conrad Powlowski,Rhea,Costume
13,6,Patience Cartwright,Candace,Actress
14,6,Miracle Wehner,Rita,Film Editor
15,7,Thomas Stokes,Justyn,Director
16,7,Myrtle Beahan,Judd,Film Editor
17,7,Dahlia Mosciski,Hellen,Director
18,7,Patsy Braun,Estevan,Producer
19,8,Oswald Bartell,Macey,Designer
20,8,Otto Borer,Reagan,Designer
21,8,Mitchel Gibson,Zander,Actor
22,8,Arnulfo King,Violette,Actor
23,9,Jakayla Sawayn,Oceane,Producer
24,10,Icie McKenzie,Reuben,Costume
25,10,Eladio Dooley,Eulah,Cinematographer
26,10,Melyssa Dare,Asia,Cinematographer
27,10,Jalon Graham,Durward,Music Composer
28,11,June Howe,Alexis,Designer
29,11,Katelynn Roberts,Dario,Costume
30,12,Monte McKenzie,Chauncey,Costume
31,12,Florida Mayer,Willow,Cinematographer
32,13,Kaylah Gottlieb,Troy,Costume
33,13,Duane Yost,Ronny,Music Composer
34,13,Meggie Brekke,Ernestina,Actress
35,13,Ivah Pagac,Ottis,Costume
36,14,Ronaldo Schuppe,Skylar,Director
37,15,Allie Lindgren,Josh,Film Editor
38,15,Marcus Sporer,Dee,Costume
39,15,Elta Lebsack,Claudie,Production Designer
40,15,Ariel Keeling,Christy,Cinematographer
41,16,Robyn Nolan,Erik,Actress
42,16,Lizeth Kiehn,Chasity,Producer
43,16,Pat Hirthe,Dwight,Cinematographer
44,17,Vernice Wolf,Madaline,Producer
45,17,Priscilla Jones,Natalie,Actor
46,17,Madeline Cremin,Dewitt,Screenwriter
47,18,Luna Bernier,Joe,Production Designer
48,18,Roslyn Littel,Mollie,Music Composer
49,19,Alva Hammes,Magdalen,Production Designer
50,19,Okey Mitchell,Lincoln,Director
51,19,Raul Glover,Leatha,Film Editor
52,19,Sallie Reichert,Noemy,Actor
53,20,Mariah Stiedemann,Amanda,Cinematographer
54,20,Norene Haag,Dorothy,Music Composer
55,20,Lenna Hammes,Jared,Director
56,20,Millie Osinski,Janice,Producer
57,21,Freeman Renner,Rafaela,Director
58,21,Amaya Kuhn,Earline,Designer
59,22,Angelica Osinski,Shanelle,Production Designer
60,22,Tommie Frami,Greg,Actor
61,22,Claud Schamberger,Sigurd,Screenwriter
62,23,Baylee Weber,Ezekiel,Actor
63,23,Hailey Johns,Sherman,Actor
64,23,Earlene Brown,Jarvis,Designer
65,23,Natasha Bartell,Brice,Production Designer
66,24,Justina Daniel,Jeromy,Production Designer
67,24,Neha Gibson,Mary,Director
68,25,Francisca West,Aurelio,Music Composer
69,25,Ava Ryan,Edmond,Production Designer
70,25,Milford Stamm,Lee,Actress
71,25,Camryn McDermott,Carole,Costume
72,26,Jaida Mayert,Craig,Cinematographer
73,26,Telly Goyette,Margarett,Film Editor
74,27,Jaime Hettinger,Neha,Film Editor
75,27,Jovany Senger,Flo,Actor
76,27,Sigrid Treutel,Martina,Designer
77,28,Clinton Rutherford,Laney,Producer
78,29,Elliott Mante,Allison,Cinematographer
79,29,Luisa Upton,Allene,Actor
80,29,Edwin Kertzmann,Randal,Film Editor
81,30,Isobel Treutel,Halle,Director
82,30,Gilbert Keeling,Maymie,Producer
83,30,Reymundo Hammes,Stacey,Cinematographer
84,30,Jeanie Carroll,Jayme,Actor
85,31,Alexandria Little,Kris,Designer
86,31,Ashtyn Kassulke,Terrence,Designer
87,31,Vivienne Schamberger,Julius,Actor
88,31,Ellen Miller,Crystal,Producer
89,32,Malvina Macejkovic,Andres,Actor
90,33,Wendell Funk,Rolando,Film Editor
91,33,Kattie Stiedemann,Isidro,Music Composer
92,33,Mckayla Medhurst,Owen,Screenwriter
93,34,Jerome Zieme,Sydnee,Director
94,35,Hassie Dicki,Mittie,Actress
95,35,Aimee Zulauf,Adriana,Costume
96,35,Dexter Johns,Gust,Costume
97,36,Alba O'Hara,Miracle,Designer
98,37,Eladio Schimmel,Irwin,Production Designer
99,37,Lavern Carter,Izabella,Screenwriter
100,37,Phyllis Brown,Roscoe,Screenwriter
101,38,Laurel Maggio,Vincenza,Film Editor
102,38,Amy Lowe,Deanna,Film Editor
103,38,Barney Casper,Hailee,Screenwriter
104,38,Carmelo Harvey,Kallie,Film Editor
105,39,Gerda Flatley,Marielle,Music Composer
106,39,Jalen Tillman,Wilfrid,Screenwriter
107,39,Alvis Waters,Lilliana,Film Editor
108,40,Mara Mills,Helene,Screenwriter
109,40,Amie Kris,Arely,Producer
110,40,Lilian Tillman,Margaretta,Actor
111,40,Brooks Skiles,Orlo,Costume
112,41,Cooper Weissnat,Evert,Music Composer
113,42,Aileen Swaniawski,Brenna,Screenwriter
114,42,Imani Schowalter,Estelle,Screenwriter
115,42,Eloisa Schmeler,Matilda,Costume
116,42,Lucinda Kautzer,Eric,Film Editor
117,43,Raina Breitenberg,Olga,Actress
118,43,Guadalupe Rippin,Elwyn,Actress
119,43,Chester O'Hara,Araceli,Costume
120,44,Levi Johns,Imelda,Producer
121,44,Alexanne Schmidt,Arnaldo,Production Designer
122,44,Vidal Konopelski,Itzel,Director
123,44,Charley Huel,King,Director
124,45,Imogene Braun,Arvel,Music Composer
125,45,Coby Brekke,Barry,Screenwriter
126,46,Samanta Stiedemann,Eudora,Cinematographer
127,47,Clara Mosciski,Elfrieda,Designer
128,48,Oren Deckow,Precious,Film Editor
129,48,Guadalupe Beer,Wyman,Designer
130,48,Brandy Jacobs,Royal,Film Editor
131,49,Kellie Wiza,Verdie,Costume
132,49,Emie Feeney,Florence,Production Designer
133,49,Emmet Collins,Everette,Actress
134,50,Clement Kerluke,Orville,Screenwriter
135,50,Lennie Torphy,Nasir,Cinematographer
136,51,Tobin Thompson,Cleve,Cinematographer
137,52,Alexandra Zemlak,Bria,Music Composer
138,53,Candelario Aufderhar,Enos,Actress
139,54,Edmond Nicolas,Brant,Music Composer
140,54,Nolan Rau,Martine,Music Composer
141,54,Shanon Smitham,Una,Producer
142,55,Lynn Botsford,Zella,Screenwriter
143,55,Luella Jacobson,Keven,Director
144,55,Camren Donnelly,Madaline,Production Designer
145,56,Maye Dietrich,David,Cinematographer
146,56,Soledad Kreiger,Abdullah,Actress
147,56,Ryder Cruickshank,Camille,Actress
148,56,Maybelle McClure,Brooklyn,Music Composer
149,57,Ona Hammes,Marquis,Costume
150,57,Michale Bashirian,Clyde,Music Composer
151,57,Nellie Dickens,Tracy,Music Composer
152,57,Buster Lueilwitz,Skye,Film Editor
153,58,Abdul Glover,Shaina,Actress
154,59,Renee Morissette,Meta,Actor
155,59,Ora Lowe,Koby,Producer
156,60,Angelica Lind,Mazie,Producer
157,60,Carolanne Schaden,Garrison,Production Designer
158,60,Maegan Hansen,Jaylon,Actress
159,61,Wava Bogisich,Viva,Screenwriter
160,62,Verlie Ward,Kacie,Designer
161,62,Kenyon Smith,Samson,Actress
162,63,Arnold Kris,Freeman,Cinematographer
163,63,Cecelia Weber,Wayne,Costume
164,63,Lucie Hessel,Gloria,Actress
165,64,Aurelio Kshlerin,Oral,Actress
166,64,Heather Jones,Isidro,Actress
167,64,Forrest Adams,Chaz,Actor
168,64,Roel Blanda,Javier,Music Composer
169,65,Kyle Trantow,Bridget,Designer
170,65,Josianne Thiel,Golden,Cinematographer
171,66,Jamel Legros,Ana,Designer
172,66,Ceasar Thiel,Mabel,Music Composer
173,66,Aaron Wolf,Arthur,Cinematographer
174,66,Jovani Hammes,Ambrose,Designer
175,67,Willow Mohr,Green,Film Editor
176,68,Winifred Cronin,Christelle,Film Editor
177,69,Roma Sporer,Jonathan,Film Editor
178,70,Dave Altenwerth,Brock,Director
179,71,Brittany Cormier,Polly,Designer
180,71,Maximillia Denesik,Rose,Designer
181,71,Audrey DuBuque,Ahmad,Director
182,71,Jordi Price,Carson,Costume
183,72,Selina Borer,Alta,Actress
184,72,Maxime Runolfsdottir,Yasmeen,Actress
185,72,Adolfo Hahn,Hassan,Producer
186,73,Dahlia Leannon,Watson,Actor
187,73,Lorna Cruickshank,Melyna,Cinematographer
188,74,Benny Turner,Dana,Costume
189,74,Nadia Brown,Margot,Screenwriter
190,74,Kirsten Mueller,Dagmar,Music Composer
191,75,Ruby Stehr,Kenny,Music Composer
192,75,Chloe Mosciski,Mayra,Screenwriter
193,76,Leora Hahn,Wyman,Designer
194,76,Carmelo Walter,Thomas,Production Designer
195,76,Alvina Schulist,Kiel,Costume
196,77,Kenna Abernathy,Edgardo,Music Composer
197,78,Ila Hamill,Johnathan,Director
198,78,Lavada Treutel,Amina,Costume
199,78,Jennyfer Jacobi,Orion,Production Designer
200,78,Elwyn Runolfsson,Dorthy,Cinematographer
201,79,Grace Ullrich,Kiarra,Music Composer
202,79,Dedric Pfannerstill,Patricia,Production Designer
203,80,Edwardo Kautzer,Alia,Screenwriter
204,81,Mary Senger,Nya,Production Designer
205,81,Stanton Kiehn,Enos,Actress
206,81,Jailyn Walsh,Garnett,Designer
207,82,Brian Mante,Fern,Music Composer
208,83,Russ Kohler,Annabelle,Actress
209,84,Eino Hodkiewicz,Wyatt,Music Composer
210,84,Colin Tromp,Jessyca,Designer
211,84,Felix Kemmer,Chelsey,Music Composer
212,85,Yvette Goldner,Dante,Cinematographer
213,85,Edwina Kuhn,Julie,Producer
214,86,Mikayla Kemmer,Lafayette,Actor
215,86,Rodrigo Abernathy,Adolf,Costume
216,86,Drake Kuhic,Madge,Director
217,86,Toney Jakubowski,Cierra,Music Composer
218,87,Kylie Carter,Candice,Producer
219,87,Alexzander Kertzmann,Cheyanne,Film Editor
220,87,Reed Koss,Joan,Costume
221,87,Georgette Rice,Margarita,Director
222,88,Lemuel Kuhn,Rowan,Actress
223,89,Eloise Ryan,Tyreek,Film Editor
224,89,Lula Botsford,Aiden,Actor
225,90,Abelardo Lynch,Johnson,Film Editor
226,90,Cedrick Quitzon,Luisa,Designer
227,91,Adriana Schmeler,Emma,Director
228,92,Nels Kiehn,Herta,Actor
229,93,Ariane Flatley,Katheryn,Designer
230,93,Nia Bradtke,Muhammad,Costume
231,93,Floyd Gorczany,Randal,Costume
232,93,August Hammes,Bryana,Film Editor
233,94,Alycia Grimes,Dianna,Producer
234,94,Providenci Bartoletti,Leonora,Production Designer
235,94,Myrl Mosciski,Alva,Costume
236,95,Makenzie Trantow,Nickolas,Cinematographer
237,95,Friedrich Labadie,Noelia,Production Designer
238,95,Ryan Bartoletti,Marianne,Costume
239,96,Arlie McGlynn,Dawson,Actor
240,96,Robin McKenzie,Mabel,Designer
241,96,Christopher Welch,Emile,Cinematographer
242,96,Amaya Bailey,Ron,Producer
243,97,Sonny Halvorson,Jedidiah,Actress
244,98,Katelin Volkman,Mariah,Actress
245,99,Freida Buckridge,Katheryn,Cinematographer
246,99,Isabell Davis,Harmon,Cinematographer
247,99,Marlee Daniel,Wilbert,Actress
248,99,Addison Kirlin,Declan,Film Editor
249,100,Leilani Monahan,Frida,Actress
250,100,Trace Sipes,Colton,Director
251,101,Ella Muller,Christy,Director
252,102,Justine Fadel,Ressie,Production Designer
253,102,Alfreda Langosh,Aimee,Director
254,102,Gavin Wuckert,Tyrese,Production Designer
255,103,Clotilde Harber,Amari,Production Designer
256,103,Bria Stark,Isabella,Screenwriter
257,103,Angelo McCullough,Jacinto,Producer
258,103,Caleigh Dicki,Curt,Film Editor
259,104,Elroy Gleason,Lucie,Actress
260,105,Tre Dickinson,Arielle,Director
261,105,Favian Weber,Mariela,Actress
262,105,Isadore Schaefer,Wendy,Actor
263,105,Peggie Cartwright,Andy,Costume
264,106,Abelardo Smith,Ted,Actress
265,107,Favian Hoeger,Alessandro,Production Designer
266,107,Adelia Bogisich,Christina,Actor
267,107,Morris Davis,Diana,Cinematographer
268,107,Trey Labadie,Vicenta,Cinematographer
269,108,Enrique Runolfsson,Obie,Music Composer
270,108,Reilly McLaughlin,Timmy,Production Designer
271,108,Kaya Miller,Allan,Actress
272,108,Aubree Murphy,Adah,Actor
273,109,Isaiah Kassulke,Austen,Producer
274,110,Tyler Leannon,Kaela,Music Composer
275,110,Timmothy Goldner,Connor,Designer
276,110,Arden Langworth,Gust,Cinematographer
277,110,Haskell Ondricka,Carmela,Film Editor
278,111,Sonya Stark,Hardy,Screenwriter
279,111,Fae Haley,Derek,Production Designer
280,112,Porter Frami,Jan,Actor
281,112,Ruby McDermott,Adrienne,Actress
282,113,Nicholaus Rowe,Doyle,Music Composer
283,113,Maddison Lang,Naomi,Director
284,114,Daphnee Hilll,Trycia,Producer
285,114,Marian Daugherty,Dustin,Music Composer
286,114,Millie Bogisich,Noelia,Designer
287,115,Mavis Bins,Lacy,Actress
288,115,Amir Moore,Kylie,Music Composer
289,116,Chauncey Considine,Maurice,Cinematographer
290,117,Greta Langosh,Abdiel,Cinematographer
291,117,Madelynn Casper,Russ,Music Composer
292,117,Abby Shields,Gay,Director
293,118,Jaylon Raynor,Adrain,Actor
294,118,Nicolas Cassin,Marquise,Actor
295,118,Maxie Tremblay,Oswaldo,Producer
296,118,Joseph Blick,Darron,Production Designer
297,119,Ike Torp,Mikayla,Screenwriter
